Experiment ,Metal ,Concentration,Conc_unit,Response ,Duration,Date,Tube,L1,L2,L3,L4,L5,D1,D2,D3,D4,D5
1,Cu,0,TU,Survival,24,22/11/2022,A,21,17,12,19,NA,7,3,2,2,NA
1,Cu,0,TU,Survival,24,22/11/2022,B,24,20,16,18,NA,2,1,0,1,NA
1,Cu,0,TU,Survival,24,22/11/2022,C,16,22,9,20,NA,0,2,1,1,NA
1,Cu,0.2,TU,Survival,24,22/11/2022,D,3,5,7,5,NA,1,1,3,4,NA
1,Cu,0.2,TU,Survival,24,22/11/2022,E,16,1,24,23,NA,6,2,23,9,NA
1,Cu,0.2,TU,Survival,24,22/11/2022,F,15,10,9,24,NA,9,4,6,11,NA
1,Cu,0.4,TU,Survival,24,22/11/2022,G,5,11,13,18,NA,2,4,8,12,NA
1,Cu,0.4,TU,Survival,24,22/11/2022,H,19,16,8,11,NA,5,7,0,2,NA
1,Cu,0.4,TU,Survival,24,22/11/2022,I,4,5,5,17,NA,1,2,2,5,NA
1,Cu,1,TU,Survival,24,22/11/2022,J,4,4,13,7,NA,0,2,2,0,NA
1,Cu,1,TU,Survival,24,22/11/2022,K,11,8,12,5,NA,8,8,5,9,NA
1,Cu,1,TU,Survival,24,22/11/2022,L,13,5,3,7,NA,1,2,5,1,NA
1,Cu,2,TU,Survival,24,22/11/2022,M,1,6,9,1,NA,9,6,13,14,NA
1,Cu,2,TU,Survival,24,22/11/2022,N,9,6,3,3,NA,3,3,1,3,NA
1,Cu,2,TU,Survival,24,22/11/2022,O,8,7,6,8,NA,4,7,1,17,NA
1,Cu,4,TU,Survival,24,22/11/2022,P,8,6,5,5,NA,1,2,2,8,NA
1,Cu,4,TU,Survival,24,22/11/2022,Q,8,6,7,2,NA,1,6,4,4,NA
1,Cu,4,TU,Survival,24,22/11/2022,R,9,5,3,3,NA,4,1,2,3,NA
1,Cu,6,TU,Survival,24,22/11/2022,S,9,6,2,2,NA,6,5,5,7,NA
1,Cu,6,TU,Survival,24,22/11/2022,T,3,1,3,7,NA,13,17,10,24,NA
1,Cu,6,TU,Survival,24,22/11/2022,U,1,2,1,3,NA,9,4,5,10,NA
1,Cu,0,TU,Survival,48,23/11/2022,A,16,19,22,13,NA,7,3,2,2,NA
1,Cu,0,TU,Survival,48,23/11/2022,B,17,13,16,16,NA,2,1,0,1,NA
1,Cu,0,TU,Survival,48,23/11/2022,C,16,18,21,13,NA,4,4,2,6,NA
1,Cu,0.2,TU,Survival,48,23/11/2022,D,5,9,6,4,NA,8,14,9,8,NA
1,Cu,0.2,TU,Survival,48,23/11/2022,E,3,11,4,8,NA,18,11,7,6,NA
1,Cu,0.2,TU,Survival,48,23/11/2022,F,4,3,5,8,NA,2,3,6,4,NA
1,Cu,0.4,TU,Survival,48,23/11/2022,G,6,5,2,6,NA,4,7,5,11,NA
1,Cu,0.4,TU,Survival,48,23/11/2022,H,11,3,1,7,NA,2,9,5,6,NA
1,Cu,0.4,TU,Survival,48,23/11/2022,I,4,3,4,4,NA,3,6,9,12,NA
1,Cu,1,TU,Survival,48,23/11/2022,J,1,1,3,1,NA,2,2,3,7,NA
1,Cu,1,TU,Survival,48,23/11/2022,K,1,1,0,0,NA,8,12,11,22,NA
1,Cu,1,TU,Survival,48,23/11/2022,L,4,4,3,2,NA,6,8,7,7,NA
1,Cu,2,TU,Survival,48,23/11/2022,M,8,1,1,1,NA,5,18,17,10,NA
1,Cu,2,TU,Survival,48,23/11/2022,N,2,0,3,7,NA,3,6,6,5,NA
1,Cu,2,TU,Survival,48,23/11/2022,O,2,1,3,2,NA,12,7,22,7,NA
1,Cu,4,TU,Survival,48,23/11/2022,P,7,3,4,4,NA,5,20,13,18,NA
1,Cu,4,TU,Survival,48,23/11/2022,Q,2,6,0,3,NA,3,1,4,6,NA
1,Cu,4,TU,Survival,48,23/11/2022,R,1,1,0,2,NA,3,3,3,6,NA
1,Cu,6,TU,Survival,48,23/11/2022,S,0,4,8,1,NA,13,7,7,19,NA
1,Cu,6,TU,Survival,48,23/11/2022,T,5,1,2,2,NA,1,5,4,6,NA
1,Cu,6,TU,Survival,48,23/11/2022,U,3,5,1,6,NA,6,5,29,13,NA
1,Cu,0,TU,Survival,72,24/11/2022,A,14,12,15,21,NA,2,1,1,1,NA
1,Cu,0,TU,Survival,72,24/11/2022,B,13,14,20,20,NA,1,1,2,2,NA
1,Cu,0,TU,Survival,72,24/11/2022,C,12,17,10,23,NA,3,4,2,3,NA
1,Cu,0.2,TU,Survival,72,24/11/2022,D,5,5,6,7,NA,6,6,9,9,NA
1,Cu,0.2,TU,Survival,72,24/11/2022,E,12,6,3,0,NA,3,5,5,7,NA
1,Cu,0.2,TU,Survival,72,24/11/2022,F,3,6,0,4,NA,6,10,35,53,NA
1,Cu,0.4,TU,Survival,72,24/11/2022,G,4,7,4,1,NA,9,40,26,8,NA
1,Cu,0.4,TU,Survival,72,24/11/2022,H,4,3,4,3,NA,5,5,5,7,NA
1,Cu,0.4,TU,Survival,72,24/11/2022,I,7,9,1,1,NA,29,6,9,16,NA
1,Cu,1,TU,Survival,72,24/11/2022,J,4,6,1,7,NA,12,12,20,10,NA
1,Cu,1,TU,Survival,72,24/11/2022,K,1,2,2,2,NA,16,9,5,12,NA
1,Cu,1,TU,Survival,72,24/11/2022,L,7,1,3,10,NA,5,16,15,24,NA
1,Cu,2,TU,Survival,72,24/11/2022,M,0,7,1,2,NA,14,5,11,13,NA
1,Cu,2,TU,Survival,72,24/11/2022,N,2,1,5,2,NA,15,5,6,7,NA
1,Cu,2,TU,Survival,72,24/11/2022,O,4,4,5,3,NA,14,31,7,12,NA
1,Cu,4,TU,Survival,72,24/11/2022,P,6,5,7,2,NA,2,3,4,6,NA
1,Cu,4,TU,Survival,72,24/11/2022,Q,5,2,2,3,NA,11,8,5,9,NA
1,Cu,4,TU,Survival,72,24/11/2022,R,2,5,7,2,NA,2,2,4,5,NA
1,Cu,6,TU,Survival,72,24/11/2022,S,1,2,3,2,NA,5,7,4,4,NA
1,Cu,6,TU,Survival,72,24/11/2022,T,8,0,3,3,NA,5,2,4,14,NA
1,Cu,6,TU,Survival,72,24/11/2022,U,5,1,7,1,NA,9,16,5,17,NA
1,Cu,0,TU,Survival,96,25/11/2022,A,17,19,15,5,NA,2,2,3,3,NA
1,Cu,0,TU,Survival,96,25/11/2022,B,23,14,16,9,NA,3,3,1,2,NA
1,Cu,0,TU,Survival,96,25/11/2022,C,18,23,21,19,NA,1,0,2,2,NA
1,Cu,0.2,TU,Survival,96,25/11/2022,D,5,6,2,9,NA,3,6,5,4,NA
1,Cu,0.2,TU,Survival,96,25/11/2022,E,4,4,2,4,NA,2,4,9,8,NA
1,Cu,0.2,TU,Survival,96,25/11/2022,F,3,1,3,2,NA,28,23,12,18,NA
1,Cu,0.4,TU,Survival,96,25/11/2022,G,4,2,4,3,NA,3,9,5,6,NA
1,Cu,0.4,TU,Survival,96,25/11/2022,H,2,3,3,2,NA,25,20,42,37,NA
1,Cu,0.4,TU,Survival,96,25/11/2022,I,2,2,2,2,NA,18,32,10,40,NA
1,Cu,1,TU,Survival,96,25/11/2022,J,2,2,1,1,NA,4,8,5,5,NA
1,Cu,1,TU,Survival,96,25/11/2022,K,1,1,1,3,NA,4,6,5,5,NA
1,Cu,1,TU,Survival,96,25/11/2022,L,0,1,2,1,NA,1,3,3,5,NA
1,Cu,2,TU,Survival,96,25/11/2022,M,2,2,3,4,NA,6,4,1,4,NA
1,Cu,2,TU,Survival,96,25/11/2022,N,4,3,6,2,NA,7,3,2,5,NA
1,Cu,2,TU,Survival,96,25/11/2022,O,1,0,3,2,NA,3,3,3,5,NA
1,Cu,4,TU,Survival,96,25/11/2022,P,1,4,2,3,NA,6,8,2,4,NA
1,Cu,4,TU,Survival,96,25/11/2022,Q,4,1,2,7,NA,2,4,4,5,NA
1,Cu,4,TU,Survival,96,25/11/2022,R,3,0,8,7,NA,9,6,11,13,NA
1,Cu,6,TU,Survival,96,25/11/2022,S,0,1,3,1,NA,6,5,2,6,NA
1,Cu,6,TU,Survival,96,25/11/2022,T,2,1,0,3,NA,2,5,1,2,NA
1,Cu,6,TU,Survival,96,25/11/2022,U,3,1,2,1,NA,7,13,16,5,NA
1,Zn,0,TU,Survival,24,29/11/2022,A,5,3,4,4,NA,0,0,0,0,NA
1,Zn,0,TU,Survival,24,29/11/2022,B,3,4,3,3,NA,0,0,0,0,NA
1,Zn,0,TU,Survival,24,29/11/2022,C,2,3,3,2,NA,0,0,0,0,NA
1,Zn,0.02,TU,Survival,24,29/11/2022,D,6,1,5,3,NA,3,2,1,2,NA
1,Zn,0.02,TU,Survival,24,29/11/2022,E,2,2,3,2,NA,1,2,0,2,NA
1,Zn,0.02,TU,Survival,24,29/11/2022,F,0,3,2,3,NA,2,1,0,0,NA
1,Zn,0.2,TU,Survival,24,29/11/2022,G,2,7,5,7,NA,1,1,2,0,NA
1,Zn,0.2,TU,Survival,24,29/11/2022,H,1,2,1,4,NA,1,2,0,1,NA
1,Zn,0.2,TU,Survival,24,29/11/2022,I,1,2,2,3,NA,0,2,1,0,NA
1,Zn,2,TU,Survival,24,29/11/2022,J,2,2,4,2,NA,1,0,0,0,NA
1,Zn,2,TU,Survival,24,29/11/2022,K,2,0,4,2,NA,2,0,1,1,NA
1,Zn,2,TU,Survival,24,29/11/2022,L,3,2,2,2,NA,0,0,0,0,NA
1,Zn,4,TU,Survival,24,29/11/2022,M,4,2,1,1,NA,3,2,0,1,NA
1,Zn,4,TU,Survival,24,29/11/2022,N,2,1,1,1,NA,4,2,1,1,NA
1,Zn,4,TU,Survival,24,29/11/2022,O,2,4,3,0,NA,0,0,0,2,NA
1,Zn,6,TU,Survival,24,29/11/2022,P,1,4,4,2,NA,0,1,0,1,NA
1,Zn,6,TU,Survival,24,29/11/2022,Q,4,3,1,0,NA,2,1,0,2,NA
1,Zn,6,TU,Survival,24,29/11/2022,R,4,5,2,4,NA,0,0,0,2,NA
1,Zn,8,TU,Survival,24,29/11/2022,S,3,0,2,2,NA,1,1,0,0,NA
1,Zn,8,TU,Survival,24,29/11/2022,T,0,1,1,2,NA,0,1,1,0,NA
1,Zn,8,TU,Survival,24,29/11/2022,U,1,3,1,0,NA,1,1,1,0,NA
1,Zn,0,TU,Survival,48,30/11/2022,A,1,1,3,2,NA,0,0,1,0,NA
1,Zn,0,TU,Survival,48,30/11/2022,B,2,1,0,1,NA,1,1,0,0,NA
1,Zn,0,TU,Survival,48,30/11/2022,C,1,1,1,1,NA,0,0,0,0,NA
1,Zn,0.02,TU,Survival,48,30/11/2022,D,2,3,2,8,NA,2,3,5,0,NA
1,Zn,0.02,TU,Survival,48,30/11/2022,E,2,1,0,1,NA,3,1,1,1,NA
1,Zn,0.02,TU,Survival,48,30/11/2022,F,0,2,2,1,NA,4,1,1,2,NA
1,Zn,0.2,TU,Survival,48,30/11/2022,G,1,0,1,2,NA,2,1,3,3,NA
1,Zn,0.2,TU,Survival,48,30/11/2022,H,5,1,4,0,NA,0,3,1,0,NA
1,Zn,0.2,TU,Survival,48,30/11/2022,I,0,2,2,1,NA,0,2,1,0,NA
1,Zn,2,TU,Survival,48,30/11/2022,J,0,2,2,1,NA,0,1,1,0,NA
1,Zn,2,TU,Survival,48,30/11/2022,K,0,2,1,2,NA,1,0,0,0,NA
1,Zn,2,TU,Survival,48,30/11/2022,L,3,2,1,1,NA,1,5,1,6,NA
1,Zn,4,TU,Survival,48,30/11/2022,M,2,0,0,1,NA,1,0,2,1,NA
1,Zn,4,TU,Survival,48,30/11/2022,N,3,3,2,2,NA,6,0,1,0,NA
1,Zn,4,TU,Survival,48,30/11/2022,O,1,1,0,1,NA,5,1,4,1,NA
1,Zn,6,TU,Survival,48,30/11/2022,P,0,1,5,3,NA,2,1,1,1,NA
1,Zn,6,TU,Survival,48,30/11/2022,Q,1,1,1,1,NA,1,3,2,5,NA
1,Zn,6,TU,Survival,48,30/11/2022,R,4,0,5,1,NA,0,1,2,1,NA
1,Zn,8,TU,Survival,48,30/11/2022,S,0,1,1,2,NA,6,6,5,3,NA
1,Zn,8,TU,Survival,48,30/11/2022,T,0,0,0,1,NA,1,0,1,3,NA
1,Zn,8,TU,Survival,48,30/11/2022,U,0,0,1,1,NA,4,1,2,3,NA
1,Zn,0,TU,Survival,72,1/12/2022,A,2,1,1,1,NA,0,0,2,0,NA
1,Zn,0,TU,Survival,72,1/12/2022,B,2,2,3,1,NA,2,0,1,0,NA
1,Zn,0,TU,Survival,72,1/12/2022,C,1,0,1,1,NA,0,0,0,0,NA
1,Zn,0.02,TU,Survival,72,1/12/2022,D,3,1,5,2,NA,1,0,2,3,NA
1,Zn,0.02,TU,Survival,72,1/12/2022,E,1,3,0,1,NA,1,2,0,3,NA
1,Zn,0.02,TU,Survival,72,1/12/2022,F,3,1,1,0,NA,1,1,2,3,NA
1,Zn,0.2,TU,Survival,72,1/12/2022,G,0,2,1,0,NA,0,2,1,2,NA
1,Zn,0.2,TU,Survival,72,1/12/2022,H,3,2,1,3,NA,1,1,2,4,NA
1,Zn,0.2,TU,Survival,72,1/12/2022,I,0,2,1,0,NA,3,2,2,2,NA
1,Zn,2,TU,Survival,72,1/12/2022,J,2,1,1,2,NA,1,1,0,1,NA
1,Zn,2,TU,Survival,72,1/12/2022,K,0,3,0,2,NA,4,2,1,0,NA
1,Zn,2,TU,Survival,72,1/12/2022,L,0,1,2,0,NA,1,1,4,1,NA
1,Zn,4,TU,Survival,72,1/12/2022,M,1,0,2,0,NA,3,3,3,2,NA
1,Zn,4,TU,Survival,72,1/12/2022,N,1,1,1,1,NA,0,1,1,0,NA
1,Zn,4,TU,Survival,72,1/12/2022,O,0,0,0,2,NA,2,1,3,1,NA
1,Zn,6,TU,Survival,72,1/12/2022,P,0,2,1,1,NA,3,1,1,1,NA
1,Zn,6,TU,Survival,72,1/12/2022,Q,0,1,1,0,NA,2,0,3,1,NA
1,Zn,6,TU,Survival,72,1/12/2022,R,0,1,1,0,NA,1,1,1,0,NA
1,Zn,8,TU,Survival,72,1/12/2022,S,0,1,1,0,NA,2,5,3,3,NA
1,Zn,8,TU,Survival,72,1/12/2022,T,1,0,1,1,NA,1,2,2,1,NA
1,Zn,8,TU,Survival,72,1/12/2022,U,1,0,1,1,NA,1,0,4,1,NA
1,Zn,0,TU,Survival,96,2/12/2022,A,1,3,1,1,NA,0,1,1,0,NA
1,Zn,0,TU,Survival,96,2/12/2022,B,2,2,1,1,NA,0,0,0,0,NA
1,Zn,0,TU,Survival,96,2/12/2022,C,1,1,1,1,NA,0,0,0,1,NA
1,Zn,0.02,TU,Survival,96,2/12/2022,D,1,3,2,1,NA,3,0,1,1,NA
1,Zn,0.02,TU,Survival,96,2/12/2022,E,7,5,1,2,NA,4,2,1,3,NA
1,Zn,0.02,TU,Survival,96,2/12/2022,F,3,0,2,1,NA,1,1,0,0,NA
1,Zn,0.2,TU,Survival,96,2/12/2022,G,0,0,0,1,NA,2,1,3,1,NA
1,Zn,0.2,TU,Survival,96,2/12/2022,H,1,1,2,0,NA,1,1,0,1,NA
1,Zn,0.2,TU,Survival,96,2/12/2022,I,0,0,0,0,NA,0,1,1,1,NA
1,Zn,2,TU,Survival,96,2/12/2022,J,0,0,0,0,NA,2,0,1,1,NA
1,Zn,2,TU,Survival,96,2/12/2022,K,1,1,2,1,NA,2,2,3,2,NA
1,Zn,2,TU,Survival,96,2/12/2022,L,0,1,1,1,NA,2,1,2,1,NA
1,Zn,4,TU,Survival,96,2/12/2022,M,0,2,1,0,NA,1,2,0,2,NA
1,Zn,4,TU,Survival,96,2/12/2022,N,1,1,1,0,NA,0,2,2,2,NA
1,Zn,4,TU,Survival,96,2/12/2022,O,2,0,1,1,NA,1,1,0,1,NA
1,Zn,6,TU,Survival,96,2/12/2022,P,2,1,0,2,NA,1,1,1,2,NA
1,Zn,6,TU,Survival,96,2/12/2022,Q,2,1,0,0,NA,9,5,4,3,NA
1,Zn,6,TU,Survival,96,2/12/2022,R,0,1,0,0,NA,2,1,3,1,NA
1,Zn,8,TU,Survival,96,2/12/2022,S,0,0,1,0,NA,1,2,3,5,NA
1,Zn,8,TU,Survival,96,2/12/2022,T,0,1,1,1,NA,0,1,2,3,NA
1,Zn,8,TU,Survival,96,2/12/2022,U,1,1,0,1,NA,0,1,1,0,NA
1,Mixed,0,TTU,Survival,24,6/12/2022,A,12,11,18,10,NA,0,0,0,0,NA
1,Mixed,0,TTU,Survival,24,6/12/2022,B,17,18,20,19,NA,0,0,0,0,NA
1,Mixed,0,TTU,Survival,24,6/12/2022,C,8,10,13,16,NA,0,0,0,0,NA
1,Mixed,0.22,TTU,Survival,24,6/12/2022,D,8,6,9,3,NA,1,0,0,1,NA
1,Mixed,0.22,TTU,Survival,24,6/12/2022,E,4,5,4,4,NA,1,1,1,0,NA
1,Mixed,0.22,TTU,Survival,24,6/12/2022,F,6,4,6,8,NA,1,2,1,2,NA
1,Mixed,0.6,TTU,Survival,24,6/12/2022,G,8,6,6,6,NA,3,2,4,3,NA
1,Mixed,0.6,TTU,Survival,24,6/12/2022,H,4,5,3,6,NA,3,4,2,1,NA
1,Mixed,0.6,TTU,Survival,24,6/12/2022,I,7,3,1,5,NA,3,0,2,0,NA
1,Mixed,3,TTU,Survival,24,6/12/2022,J,5,3,2,0,NA,1,2,3,3,NA
1,Mixed,3,TTU,Survival,24,6/12/2022,K,7,8,4,5,NA,3,2,4,6,NA
1,Mixed,3,TTU,Survival,24,6/12/2022,L,4,7,5,3,NA,5,5,3,3,NA
1,Mixed,6,TTU,Survival,24,6/12/2022,M,5,5,0,3,NA,3,4,4,5,NA
1,Mixed,6,TTU,Survival,24,6/12/2022,N,6,2,2,4,NA,4,6,8,7,NA
1,Mixed,6,TTU,Survival,24,6/12/2022,O,7,6,3,2,NA,2,1,1,2,NA
1,Mixed,10,TTU,Survival,24,6/12/2022,P,6,3,9,5,NA,3,6,6,5,NA
1,Mixed,10,TTU,Survival,24,6/12/2022,Q,6,6,3,1,NA,0,4,5,7,NA
1,Mixed,10,TTU,Survival,24,6/12/2022,R,2,2,0,1,NA,6,3,3,1,NA
1,Mixed,14,TTU,Survival,24,6/12/2022,S,3,0,2,2,NA,2,5,5,5,NA
1,Mixed,14,TTU,Survival,24,6/12/2022,T,0,1,1,2,NA,6,7,3,4,NA
1,Mixed,14,TTU,Survival,24,6/12/2022,U,1,3,1,0,NA,6,8,9,1,NA
1,Mixed,0,TTU,Survival,48,7/12/2022,A,11,12,15,10,NA,0,0,0,0,NA
1,Mixed,0,TTU,Survival,48,7/12/2022,B,13,14,11,12,NA,0,1,0,0,NA
1,Mixed,0,TTU,Survival,48,7/12/2022,C,14,13,14,14,NA,0,0,0,0,NA
1,Mixed,0.22,TTU,Survival,48,7/12/2022,D,4,2,7,4,NA,4,2,0,1,NA
1,Mixed,0.22,TTU,Survival,48,7/12/2022,E,3,0,8,8,NA,3,2,0,0,NA
1,Mixed,0.22,TTU,Survival,48,7/12/2022,F,5,6,8,7,NA,1,1,1,2,NA
1,Mixed,0.6,TTU,Survival,48,7/12/2022,G,4,3,2,7,NA,1,2,1,1,NA
1,Mixed,0.6,TTU,Survival,48,7/12/2022,H,5,4,6,3,NA,4,2,0,3,NA
1,Mixed,0.6,TTU,Survival,48,7/12/2022,I,5,6,2,3,NA,1,2,1,1,NA
1,Mixed,3,TTU,Survival,48,7/12/2022,J,3,5,4,5,NA,2,2,1,2,NA
1,Mixed,3,TTU,Survival,48,7/12/2022,K,4,7,1,0,NA,3,1,1,3,NA
1,Mixed,3,TTU,Survival,48,7/12/2022,L,4,5,5,3,NA,4,4,3,7,NA
1,Mixed,6,TTU,Survival,48,7/12/2022,M,3,5,6,3,NA,4,4,3,3,NA
1,Mixed,6,TTU,Survival,48,7/12/2022,N,4,3,3,0,NA,3,5,6,4,NA
1,Mixed,6,TTU,Survival,48,7/12/2022,O,3,2,2,3,NA,4,5,7,5,NA
1,Mixed,10,TTU,Survival,48,7/12/2022,P,2,1,3,4,NA,3,6,4,5,NA
1,Mixed,10,TTU,Survival,48,7/12/2022,Q,2,2,5,0,NA,4,4,7,8,NA
1,Mixed,10,TTU,Survival,48,7/12/2022,R,0,0,2,1,NA,6,6,7,3,NA
1,Mixed,14,TTU,Survival,48,7/12/2022,S,1,2,1,3,NA,9,7,7,8,NA
1,Mixed,14,TTU,Survival,48,7/12/2022,T,2,1,0,3,NA,6,6,9,6,NA
1,Mixed,14,TTU,Survival,48,7/12/2022,U,1,0,2,1,NA,7,0,6,9,NA
1,Mixed,0,TTU,Survival,72,8/12/2022,A,13,10,11,9,NA,1,0,0,0,NA
1,Mixed,0,TTU,Survival,72,8/12/2022,B,14,11,11,10,NA,1,0,0,0,NA
1,Mixed,0,TTU,Survival,72,8/12/2022,C,11,17,16,14,NA,0,0,0,0,NA
1,Mixed,0.22,TTU,Survival,72,8/12/2022,D,2,8,4,5,NA,2,3,1,1,NA
1,Mixed,0.22,TTU,Survival,72,8/12/2022,E,4,4,6,5,NA,1,0,3,2,NA
1,Mixed,0.22,TTU,Survival,72,8/12/2022,F,3,5,4,6,NA,1,0,1,4,NA
1,Mixed,0.6,TTU,Survival,72,8/12/2022,G,4,4,3,2,NA,2,3,4,3,NA
1,Mixed,0.6,TTU,Survival,72,8/12/2022,H,1,1,4,5,NA,1,1,1,3,NA
1,Mixed,0.6,TTU,Survival,72,8/12/2022,I,3,3,4,2,NA,4,3,5,1,NA
1,Mixed,3,TTU,Survival,72,8/12/2022,J,1,2,4,5,NA,4,4,5,2,NA
1,Mixed,3,TTU,Survival,72,8/12/2022,K,3,6,2,1,NA,1,1,0,1,NA
1,Mixed,3,TTU,Survival,72,8/12/2022,L,3,2,1,3,NA,3,4,5,3,NA
1,Mixed,6,TTU,Survival,72,8/12/2022,M,3,1,0,2,NA,4,3,5,5,NA
1,Mixed,6,TTU,Survival,72,8/12/2022,N,3,4,2,1,NA,4,3,4,5,NA
1,Mixed,6,TTU,Survival,72,8/12/2022,O,3,3,4,5,NA,4,6,7,4,NA
1,Mixed,10,TTU,Survival,72,8/12/2022,P,1,0,0,1,NA,6,7,5,6,NA
1,Mixed,10,TTU,Survival,72,8/12/2022,Q,2,3,4,0,NA,5,5,7,4,NA
1,Mixed,10,TTU,Survival,72,8/12/2022,R,2,0,2,0,NA,4,2,3,4,NA
1,Mixed,14,TTU,Survival,72,8/12/2022,S,2,0,0,1,NA,7,8,5,5,NA
1,Mixed,14,TTU,Survival,72,8/12/2022,T,1,1,3,2,NA,6,8,9,9,NA
1,Mixed,14,TTU,Survival,72,9/12/2022,U,0,0,2,1,NA,8,7,3,8,NA
1,Mixed,0,TTU,Survival,96,9/12/2022,A,10,9,18,17,NA,1,0,0,0,NA
1,Mixed,0,TTU,Survival,96,9/12/2022,B,11,11,16,14,NA,0,0,1,0,NA
1,Mixed,0,TTU,Survival,96,9/12/2022,C,8,11,9,12,NA,1,0,0,0,NA
1,Mixed,0.22,TTU,Survival,96,9/12/2022,D,3,4,3,3,NA,2,2,1,2,NA
1,Mixed,0.22,TTU,Survival,96,9/12/2022,E,4,4,6,0,NA,2,1,1,2,NA
1,Mixed,0.22,TTU,Survival,96,9/12/2022,F,3,5,5,6,NA,2,2,2,2,NA
1,Mixed,0.6,TTU,Survival,96,9/12/2022,G,4,5,3,2,NA,3,2,1,1,NA
1,Mixed,0.6,TTU,Survival,96,9/12/2022,H,6,3,3,2,NA,2,2,1,3,NA
1,Mixed,0.6,TTU,Survival,96,9/12/2022,I,3,6,3,5,NA,3,2,1,0,NA
1,Mixed,3,TTU,Survival,96,9/12/2022,J,3,2,1,0,NA,2,2,2,2,NA
1,Mixed,3,TTU,Survival,96,9/12/2022,K,5,6,6,2,NA,2,2,3,3,NA
1,Mixed,3,TTU,Survival,96,9/12/2022,L,1,0,4,3,NA,1,0,3,4,NA
1,Mixed,6,TTU,Survival,96,9/12/2022,M,3,3,4,0,NA,5,6,4,2,NA
1,Mixed,6,TTU,Survival,96,9/12/2022,N,2,3,3,2,NA,3,3,4,1,NA
1,Mixed,6,TTU,Survival,96,9/12/2022,O,3,5,0,0,NA,4,5,3,1,NA
1,Mixed,10,TTU,Survival,96,9/12/2022,P,4,2,3,1,NA,3,4,5,2,NA
1,Mixed,10,TTU,Survival,96,9/12/2022,Q,3,3,5,1,NA,8,6,7,4,NA
1,Mixed,10,TTU,Survival,96,9/12/2022,R,0,2,3,2,NA,6,6,3,5,NA
1,Mixed,14,TTU,Survival,96,9/12/2022,S,3,4,5,2,NA,3,6,7,8,NA
1,Mixed,14,TTU,Survival,96,9/12/2022,T,0,2,0,0,NA,4,4,5,6,NA
1,Mixed,14,TTU,Survival,96,9/12/2022,U,2,1,2,1,NA,3,4,4,6,NA
2,Cu,0,TU,Survival,24,12/12/2022,A,22,23,20,21,NA,1,0,1,1,NA
2,Cu,0,TU,Survival,24,12/12/2022,B,23,24,22,20,NA,0,0,0,1,NA
2,Cu,0,TU,Survival,24,12/12/2022,C,21,22,23,23,NA,0,1,0,0,NA
2,Cu,0.04,TU,Survival,24,12/12/2022,D,21,22,19,23,NA,1,1,1,0,NA
2,Cu,0.04,TU,Survival,24,12/12/2022,E,18,24,23,23,NA,0,1,2,2,NA
2,Cu,0.04,TU,Survival,24,12/12/2022,F,22,23,24,22,NA,1,0,2,2,NA
2,Cu,0.08,TU,Survival,24,12/12/2022,G,23,23,24,20,NA,1,1,2,3,NA
2,Cu,0.08,TU,Survival,24,12/12/2022,H,22,23,25,23,NA,0,2,1,2,NA
2,Cu,0.08,TU,Survival,24,12/12/2022,I,20,23,24,21,NA,2,2,1,3,NA
2,Cu,0.12,TU,Survival,24,12/12/2022,J,21,23,24,19,NA,2,0,1,1,NA
2,Cu,0.12,TU,Survival,24,12/12/2022,K,23,22,21,20,NA,1,1,3,2,NA
2,Cu,0.12,TU,Survival,24,12/12/2022,L,23,21,24,22,NA,2,1,2,2,NA
2,Cu,0.2,TU,Survival,24,12/12/2022,M,17,15,14,16,NA,4,3,5,4,NA
2,Cu,0.2,TU,Survival,24,12/12/2022,N,16,15,13,17,NA,3,3,5,5,NA
2,Cu,0.2,TU,Survival,24,12/12/2022,O,14,15,13,16,NA,4,2,1,3,NA
2,Cu,0.4,TU,Survival,24,12/12/2022,P,12,11,11,10,NA,5,6,6,7,NA
2,Cu,0.4,TU,Survival,24,12/12/2022,Q,8,9,10,11,NA,8,5,6,4,NA
2,Cu,0.4,TU,Survival,24,12/12/2022,R,13,8,9,10,NA,5,5,6,7,NA
2,Cu,1,TU,Survival,24,12/12/2022,S,8,9,6,11,NA,8,8,7,6,NA
2,Cu,1,TU,Survival,24,12/12/2022,T,7,6,7,8,NA,9,6,7,9,NA
2,Cu,1,TU,Survival,24,12/12/2022,U,8,7,9,7,NA,10,8,7,7,NA
2,Cu,2,TU,Survival,24,12/12/2022,V,4,5,6,7,NA,11,12,10,9,NA
2,Cu,2,TU,Survival,24,12/12/2022,W,4,6,6,8,NA,9,8,11,11,NA
2,Cu,2,TU,Survival,24,12/12/2022,X,5,5,4,4,NA,10,9,11,12,NA
2,Cu,4,TU,Survival,24,12/12/2022,Y,3,4,3,3,NA,13,11,14,12,NA
2,Cu,4,TU,Survival,24,12/12/2022,Z,3,4,3,5,NA,14,13,13,15,NA
2,Cu,4,TU,Survival,24,12/12/2022,AA,3,3,4,5,NA,15,16,14,13,NA
2,Cu,6,TU,Survival,24,12/12/2022,AB,2,1,3,1,NA,19,20,21,19,NA
2,Cu,6,TU,Survival,24,12/12/2022,AC,2,2,1,1,NA,17,16,21,20,NA
2,Cu,6,TU,Survival,24,12/12/2022,AD,3,1,1,2,NA,21,22,18,19,NA
2,Cu,0,TU,Survival,48,13/12/2022,A,23,21,24,23,NA,1,1,0,0,NA
2,Cu,0,TU,Survival,48,13/12/2022,B,22,22,21,23,NA,0,1,1,0,NA
2,Cu,0,TU,Survival,48,13/12/2022,C,20,19,24,22,NA,0,0,1,1,NA
2,Cu,0.04,TU,Survival,48,13/12/2022,D,23,22,21,24,NA,1,1,2,0,NA
2,Cu,0.04,TU,Survival,48,13/12/2022,E,23,21,22,20,NA,0,0,1,1,NA
2,Cu,0.04,TU,Survival,48,13/12/2022,F,20,21,24,25,NA,2,1,0,0,NA
2,Cu,0.08,TU,Survival,48,13/12/2022,G,23,22,24,23,NA,0,1,1,0,NA
2,Cu,0.08,TU,Survival,48,13/12/2022,H,22,24,21,22,NA,2,0,1,1,NA
2,Cu,0.08,TU,Survival,48,13/12/2022,I,21,23,22,19,NA,1,1,0,0,NA
2,Cu,0.12,TU,Survival,48,13/12/2022,J,23,21,23,24,NA,1,0,1,1,NA
2,Cu,0.12,TU,Survival,48,13/12/2022,K,21,23,20,22,NA,0,2,1,0,NA
2,Cu,0.12,TU,Survival,48,13/12/2022,L,23,24,21,23,NA,1,1,0,0,NA
2,Cu,0.2,TU,Survival,48,13/12/2022,M,11,12,10,9,NA,3,4,3,4,NA
2,Cu,0.2,TU,Survival,48,13/12/2022,N,12,12,10,9,NA,4,5,5,4,NA
2,Cu,0.2,TU,Survival,48,13/12/2022,O,12,11,8,10,NA,4,6,5,4,NA
2,Cu,0.4,TU,Survival,48,13/12/2022,P,10,9,11,11,NA,8,7,8,7,NA
2,Cu,0.4,TU,Survival,48,13/12/2022,Q,8,9,10,9,NA,8,8,7,6,NA
2,Cu,0.4,TU,Survival,48,13/12/2022,R,9,10,11,9,NA,7,5,8,9,NA
2,Cu,1,TU,Survival,48,13/12/2022,S,8,10,7,7,NA,10,11,13,14,NA
2,Cu,1,TU,Survival,48,13/12/2022,T,7,6,8,5,NA,12,14,13,13,NA
2,Cu,1,TU,Survival,48,13/12/2022,U,6,6,5,5,NA,15,14,13,12,NA
2,Cu,2,TU,Survival,48,13/12/2022,V,5,6,4,4,NA,16,15,18,16,NA
2,Cu,2,TU,Survival,48,13/12/2022,W,4,3,6,4,NA,16,17,18,16,NA
2,Cu,2,TU,Survival,48,13/12/2022,X,5,4,3,3,NA,18,19,15,14,NA
2,Cu,4,TU,Survival,48,13/12/2022,Y,4,3,2,4,NA,19,19,17,19,NA
2,Cu,4,TU,Survival,48,13/12/2022,Z,2,3,2,1,NA,20,18,17,19,NA
2,Cu,4,TU,Survival,48,13/12/2022,AA,2,2,3,1,NA,21,21,20,18,NA
2,Cu,6,TU,Survival,48,13/12/2022,AB,2,1,1,1,NA,21,23,24,22,NA
2,Cu,6,TU,Survival,48,13/12/2022,AC,1,2,1,2,NA,24,25,23,23,NA
2,Cu,6,TU,Survival,48,13/12/2022,AD,2,1,2,2,NA,22,24,23,24,NA
2,Cu,0,TU,Survival,72,14/12/2022,A,23,23,20,22,NA,0,0,1,0,NA
2,Cu,0,TU,Survival,72,14/12/2022,B,23,21,20,23,NA,2,1,0,1,NA
2,Cu,0,TU,Survival,72,14/12/2022,C,20,22,22,21,NA,1,1,0,1,NA
2,Cu,0.04,TU,Survival,72,14/12/2022,D,21,23,21,22,NA,1,0,1,0,NA
2,Cu,0.04,TU,Survival,72,14/12/2022,E,24,23,21,23,NA,2,0,1,1,NA
2,Cu,0.04,TU,Survival,72,14/12/2022,F,23,24,21,23,NA,0,1,0,0,NA
2,Cu,0.08,TU,Survival,72,14/12/2022,G,19,23,20,22,NA,0,1,1,2,NA
2,Cu,0.08,TU,Survival,72,14/12/2022,H,21,24,22,23,NA,1,2,0,0,NA
2,Cu,0.08,TU,Survival,72,14/12/2022,I,21,23,22,23,NA,1,0,1,1,NA
2,Cu,0.12,TU,Survival,72,14/12/2022,J,20,22,21,21,NA,0,1,0,1,NA
2,Cu,0.12,TU,Survival,72,14/12/2022,K,23,22,20,21,NA,1,1,0,0,NA
2,Cu,0.12,TU,Survival,72,14/12/2022,L,20,23,23,22,NA,0,2,1,0,NA
2,Cu,0.2,TU,Survival,72,14/12/2022,M,5,5,6,7,NA,7,7,6,8,NA
2,Cu,0.2,TU,Survival,72,14/12/2022,N,12,6,3,0,NA,6,8,8,9,NA
2,Cu,0.2,TU,Survival,72,14/12/2022,O,3,6,0,4,NA,7,7,6,9,NA
2,Cu,0.4,TU,Survival,72,14/12/2022,P,4,7,4,1,NA,8,11,10,8,NA
2,Cu,0.4,TU,Survival,72,14/12/2022,Q,4,3,4,3,NA,12,8,9,9,NA
2,Cu,0.4,TU,Survival,72,14/12/2022,R,7,9,1,1,NA,10,12,11,10,NA
2,Cu,1,TU,Survival,72,14/12/2022,S,4,6,1,7,NA,15,17,16,18,NA
2,Cu,1,TU,Survival,72,14/12/2022,T,1,2,2,2,NA,18,17,16,16,NA
2,Cu,1,TU,Survival,72,14/12/2022,U,7,1,3,10,NA,18,19,20,18,NA
2,Cu,2,TU,Survival,72,14/12/2022,V,0,7,1,2,NA,16,23,22,21,NA
2,Cu,2,TU,Survival,72,14/12/2022,W,2,1,5,2,NA,19,20,17,18,NA
2,Cu,2,TU,Survival,72,14/12/2022,X,4,4,5,3,NA,18,21,22,19,NA
2,Cu,4,TU,Survival,72,14/12/2022,Y,6,5,7,2,NA,23,22,21,19,NA
2,Cu,4,TU,Survival,72,14/12/2022,Z,5,2,2,3,NA,24,18,20,22,NA
2,Cu,4,TU,Survival,72,14/12/2022,AA,2,5,7,2,NA,23,23,17,24,NA
2,Cu,6,TU,Survival,72,14/12/2022,AB,1,2,3,2,NA,25,26,24,25,NA
2,Cu,6,TU,Survival,72,14/12/2022,AC,8,0,3,3,NA,23,18,26,24,NA
2,Cu,6,TU,Survival,72,14/12/2022,AD,5,1,7,1,NA,25,23,23,26,NA
2,Cu,0,TU,Survival,96,15/12/2022,A,22,23,21,24,NA,0,0,0,1,NA
2,Cu,0,TU,Survival,96,15/12/2022,B,20,21,23,22,NA,2,1,0,1,NA
2,Cu,0,TU,Survival,96,15/12/2022,C,23,20,22,21,NA,0,2,1,1,NA
2,Cu,0.04,TU,Survival,96,15/12/2022,D,21,22,20,19,NA,1,0,1,0,NA
2,Cu,0.04,TU,Survival,96,15/12/2022,E,23,20,21,18,NA,2,3,0,0,NA
2,Cu,0.04,TU,Survival,96,15/12/2022,F,24,23,24,21,NA,1,2,4,0,NA
2,Cu,0.08,TU,Survival,96,15/12/2022,G,23,22,21,22,NA,2,3,1,1,NA
2,Cu,0.08,TU,Survival,96,15/12/2022,H,19,19,24,25,NA,1,0,2,2,NA
2,Cu,0.08,TU,Survival,96,15/12/2022,I,23,24,22,21,NA,3,0,1,1,NA
2,Cu,0.12,TU,Survival,96,15/12/2022,J,24,24,23,21,NA,2,1,0,0,NA
2,Cu,0.12,TU,Survival,96,15/12/2022,K,22,22,19,25,NA,0,2,1,1,NA
2,Cu,0.12,TU,Survival,96,15/12/2022,L,18,20,24,26,NA,0,1,1,0,NA
2,Cu,0.2,TU,Survival,96,15/12/2022,M,4,5,4,4,NA,10,11,9,9,NA
2,Cu,0.2,TU,Survival,96,15/12/2022,N,6,4,5,4,NA,9,7,10,11,NA
2,Cu,0.2,TU,Survival,96,15/12/2022,O,4,5,6,6,NA,12,11,10,9,NA
2,Cu,0.4,TU,Survival,96,15/12/2022,P,4,5,7,5,NA,13,12,13,15,NA
2,Cu,0.4,TU,Survival,96,15/12/2022,Q,3,4,5,3,NA,14,13,16,16,NA
2,Cu,0.4,TU,Survival,96,15/12/2022,R,4,3,3,3,NA,15,14,16,14,NA
2,Cu,1,TU,Survival,96,15/12/2022,S,4,3,2,1,NA,19,18,20,19,NA
2,Cu,1,TU,Survival,96,15/12/2022,T,3,5,4,2,NA,21,19,21,19,NA
2,Cu,1,TU,Survival,96,15/12/2022,U,3,0,4,4,NA,18,18,23,20,NA
2,Cu,2,TU,Survival,96,15/12/2022,V,2,2,2,1,NA,23,24,24,25,NA
2,Cu,2,TU,Survival,96,15/12/2022,W,3,2,2,1,NA,20,22,22,23,NA
2,Cu,2,TU,Survival,96,15/12/2022,X,4,2,3,3,NA,21,24,25,26,NA
2,Cu,4,TU,Survival,96,15/12/2022,Y,2,1,0,0,NA,27,25,19,26,NA
2,Cu,4,TU,Survival,96,15/12/2022,Z,0,0,1,2,NA,27,29,26,25,NA
2,Cu,4,TU,Survival,96,15/12/2022,AA,1,1,0,1,NA,25,28,27,26,NA
2,Cu,6,TU,Survival,96,15/12/2022,AB,1,0,2,0,NA,29,30,32,34,NA
2,Cu,6,TU,Survival,96,15/12/2022,AC,1,0,0,1,NA,31,33,33,32,NA
2,Cu,6,TU,Survival,96,15/12/2022,AD,0,0,0,1,NA,29,30,32,28,NA
2,Zn,0,TU,Survival,24,18/12/2022,A,21,18,19,20,NA,0,0,0,1,NA
2,Zn,0,TU,Survival,24,18/12/2022,B,21,22,21,23,NA,0,0,1,0,NA
2,Zn,0,TU,Survival,24,18/12/2022,C,20,24,19,23,NA,0,1,0,0,NA
2,Zn,0.02,TU,Survival,24,18/12/2022,D,15,17,16,16,NA,7,8,6,7,NA
2,Zn,0.02,TU,Survival,24,18/12/2022,E,16,17,15,16,NA,5,6,7,4,NA
2,Zn,0.02,TU,Survival,24,18/12/2022,F,17,17,18,19,NA,5,5,7,7,NA
2,Zn,0.2,TU,Survival,24,18/12/2022,G,13,14,15,12,NA,9,10,8,8,NA
2,Zn,0.2,TU,Survival,24,18/12/2022,H,14,13,14,12,NA,7,8,6,7,NA
2,Zn,0.2,TU,Survival,24,18/12/2022,I,12,11,16,10,NA,9,8,10,9,NA
2,Zn,2,TU,Survival,24,18/12/2022,J,10,11,8,9,NA,11,10,12,12,NA
2,Zn,2,TU,Survival,24,18/12/2022,K,9,10,11,12,NA,13,12,11,13,NA
2,Zn,2,TU,Survival,24,18/12/2022,L,9,8,10,7,NA,10,11,14,12,NA
2,Zn,4,TU,Survival,24,18/12/2022,M,7,6,6,8,NA,14,14,15,17,NA
2,Zn,4,TU,Survival,24,18/12/2022,N,6,8,9,7,NA,16,14,16,16,NA
2,Zn,4,TU,Survival,24,18/12/2022,O,8,7,6,5,NA,17,16,18,19,NA
2,Zn,6,TU,Survival,24,18/12/2022,P,5,6,5,5,NA,19,18,20,21,NA
2,Zn,6,TU,Survival,24,18/12/2022,Q,5,7,6,5,NA,22,18,19,20,NA
2,Zn,6,TU,Survival,24,18/12/2022,R,4,5,4,4,NA,18,19,22,21,NA
2,Zn,8,TU,Survival,24,18/12/2022,S,4,3,2,3,NA,22,21,24,21,NA
2,Zn,8,TU,Survival,24,18/12/2022,T,4,2,2,1,NA,19,23,25,24,NA
2,Zn,8,TU,Survival,24,18/12/2022,U,2,1,3,2,NA,23,26,24,25,NA
2,Zn,0,TU,Survival,48,19/12/2022,A,21,18,17,23,NA,1,1,0,0,NA
2,Zn,0,TU,Survival,48,19/12/2022,B,22,20,19,21,NA,0,0,0,0,NA
2,Zn,0,TU,Survival,48,19/12/2022,C,21,19,17,16,NA,0,0,1,0,NA
2,Zn,0.02,TU,Survival,48,19/12/2022,D,17,18,19,20,NA,7,8,7,8,NA
2,Zn,0.02,TU,Survival,48,19/12/2022,E,16,17,18,18,NA,7,6,6,6,NA
2,Zn,0.02,TU,Survival,48,19/12/2022,F,19,16,15,17,NA,8,7,6,9,NA
2,Zn,0.2,TU,Survival,48,19/12/2022,G,18,17,15,14,NA,9,10,11,9,NA
2,Zn,0.2,TU,Survival,48,19/12/2022,H,13,14,14,15,NA,8,9,10,11,NA
2,Zn,0.2,TU,Survival,48,19/12/2022,I,13,12,14,11,NA,9,9,11,10,NA
2,Zn,2,TU,Survival,48,19/12/2022,J,12,11,10,9,NA,12,12,11,14,NA
2,Zn,2,TU,Survival,48,19/12/2022,K,10,10,9,11,NA,13,13,14,15,NA
2,Zn,2,TU,Survival,48,19/12/2022,L,12,12,11,10,NA,14,15,13,13,NA
2,Zn,4,TU,Survival,48,19/12/2022,M,9,8,10,11,NA,16,15,17,16,NA
2,Zn,4,TU,Survival,48,19/12/2022,N,8,10,9,9,NA,17,17,16,17,NA
2,Zn,4,TU,Survival,48,19/12/2022,O,7,7,8,7,NA,18,16,17,19,NA
2,Zn,6,TU,Survival,48,19/12/2022,P,7,7,5,6,NA,23,24,22,25,NA
2,Zn,6,TU,Survival,48,19/12/2022,Q,7,6,5,7,NA,26,23,21,20,NA
2,Zn,6,TU,Survival,48,19/12/2022,R,6,6,6,7,NA,22,35,24,23,NA
2,Zn,8,TU,Survival,48,19/12/2022,S,5,5,4,3,NA,24,26,27,25,NA
2,Zn,8,TU,Survival,48,19/12/2022,T,5,4,4,4,NA,28,26,27,26,NA
2,Zn,8,TU,Survival,48,19/12/2022,U,3,4,3,2,NA,25,27,27,26,NA
2,Zn,0,TU,Survival,72,20/12/2022,A,18,21,20,19,NA,1,1,0,1,NA
2,Zn,0,TU,Survival,72,20/12/2022,B,21,17,16,19,NA,1,2,0,1,NA
2,Zn,0,TU,Survival,72,20/12/2022,C,19,21,20,17,NA,1,0,0,1,NA
2,Zn,0.02,TU,Survival,72,20/12/2022,D,14,15,16,17,NA,9,8,8,7,NA
2,Zn,0.02,TU,Survival,72,20/12/2022,E,16,14,14,13,NA,8,10,6,9,NA
2,Zn,0.02,TU,Survival,72,20/12/2022,F,12,16,15,14,NA,10,9,8,7,NA
2,Zn,0.2,TU,Survival,72,20/12/2022,G,13,12,11,10,NA,11,10,12,11,NA
2,Zn,0.2,TU,Survival,72,20/12/2022,H,11,10,9,8,NA,13,11,10,12,NA
2,Zn,0.2,TU,Survival,72,20/12/2022,I,11,10,10,9,NA,10,9,10,10,NA
2,Zn,2,TU,Survival,72,20/12/2022,J,9,10,8,8,NA,13,12,15,13,NA
2,Zn,2,TU,Survival,72,20/12/2022,K,7,9,7,7,NA,14,12,13,16,NA
2,Zn,2,TU,Survival,72,20/12/2022,L,8,8,7,6,NA,13,15,12,14,NA
2,Zn,4,TU,Survival,72,20/12/2022,M,7,6,6,6,NA,17,16,18,19,NA
2,Zn,4,TU,Survival,72,20/12/2022,N,5,6,7,7,NA,17,19,15,16,NA
2,Zn,4,TU,Survival,72,20/12/2022,O,5,4,4,5,NA,14,18,19,18,NA
2,Zn,6,TU,Survival,72,20/12/2022,P,4,5,3,2,NA,20,21,22,21,NA
2,Zn,6,TU,Survival,72,20/12/2022,Q,4,3,3,3,NA,23,21,22,22,NA
2,Zn,6,TU,Survival,72,20/12/2022,R,5,4,2,2,NA,19,20,20,21,NA
2,Zn,8,TU,Survival,72,20/12/2022,S,2,2,1,1,NA,28,27,26,25,NA
2,Zn,8,TU,Survival,72,20/12/2022,T,2,2,0,2,NA,29,25,25,26,NA
2,Zn,8,TU,Survival,72,20/12/2022,U,1,2,1,1,NA,27,28,28,27,NA
2,Zn,0,TU,Survival,96,21/12/2022,A,21,23,22,18,NA,1,0,0,0,NA
2,Zn,0,TU,Survival,96,21/12/2022,B,20,19,17,18,NA,0,1,0,0,NA
2,Zn,0,TU,Survival,96,21/12/2022,C,21,23,17,19,NA,1,0,0,0,NA
2,Zn,0.02,TU,Survival,96,21/12/2022,D,13,13,14,12,NA,10,11,12,10,NA
2,Zn,0.02,TU,Survival,96,21/12/2022,E,12,11,14,10,NA,9,10,12,12,NA
2,Zn,0.02,TU,Survival,96,21/12/2022,F,13,14,12,15,NA,11,11,13,10,NA
2,Zn,0.2,TU,Survival,96,21/12/2022,G,10,11,8,10,NA,14,16,14,15,NA
2,Zn,0.2,TU,Survival,96,21/12/2022,H,9,9,12,13,NA,17,16,15,15,NA
2,Zn,0.2,TU,Survival,96,21/12/2022,I,8,8,10,8,NA,17,17,15,14,NA
2,Zn,2,TU,Survival,96,21/12/2022,J,6,5,5,4,NA,19,20,23,21,NA
2,Zn,2,TU,Survival,96,21/12/2022,K,5,4,4,4,NA,22,21,18,19,NA
2,Zn,2,TU,Survival,96,21/12/2022,L,6,6,5,5,NA,22,21,23,21,NA
2,Zn,4,TU,Survival,96,21/12/2022,M,4,4,3,3,NA,24,24,25,23,NA
2,Zn,4,TU,Survival,96,21/12/2022,N,3,4,2,4,NA,25,26,27,21,NA
2,Zn,4,TU,Survival,96,21/12/2022,O,3,2,3,1,NA,26,27,25,26,NA
2,Zn,6,TU,Survival,96,21/12/2022,P,3,3,2,2,NA,24,25,26,27,NA
2,Zn,6,TU,Survival,96,21/12/2022,Q,2,2,2,1,NA,27,28,30,29,NA
2,Zn,6,TU,Survival,96,21/12/2022,R,2,3,2,1,NA,26,27,27,31,NA
2,Zn,8,TU,Survival,96,21/12/2022,S,2,1,1,1,NA,31,28,29,27,NA
2,Zn,8,TU,Survival,96,21/12/2022,T,1,1,0,2,NA,34,31,29,32,NA
2,Zn,8,TU,Survival,96,21/12/2022,U,1,1,1,1,NA,33,34,32,31,NA
2,Mixed,0,TTU,Survival,24,24/12/2022,A,21,22,23,20,NA,0,0,1,1,NA
2,Mixed,0,TTU,Survival,24,24/12/2022,B,19,21,22,23,NA,1,2,1,1,NA
2,Mixed,0,TTU,Survival,24,24/12/2022,C,24,20,18,20,NA,0,1,0,0,NA
2,Mixed,0.22,TTU,Survival,24,24/12/2022,D,20,17,16,18,NA,5,6,4,5,NA
2,Mixed,0.22,TTU,Survival,24,24/12/2022,E,16,18,17,17,NA,5,7,4,6,NA
2,Mixed,0.22,TTU,Survival,24,24/12/2022,F,16,16,18,17,NA,6,6,7,7,NA
2,Mixed,0.6,TTU,Survival,24,24/12/2022,G,13,13,14,12,NA,8,11,9,10,NA
2,Mixed,0.6,TTU,Survival,24,24/12/2022,H,12,14,16,15,NA,10,9,9,11,NA
2,Mixed,0.6,TTU,Survival,24,24/12/2022,I,12,11,10,12,NA,10,11,9,8,NA
2,Mixed,3,TTU,Survival,24,24/12/2022,J,11,10,11,9,NA,12,12,13,14,NA
2,Mixed,3,TTU,Survival,24,24/12/2022,K,10,9,11,10,NA,13,13,12,10,NA
2,Mixed,3,TTU,Survival,24,24/12/2022,L,12,11,10,9,NA,11,13,12,14,NA
2,Mixed,6,TTU,Survival,24,24/12/2022,M,7,8,8,6,NA,15,16,15,14,NA
2,Mixed,6,TTU,Survival,24,24/12/2022,N,8,9,7,7,NA,16,17,17,16,NA
2,Mixed,6,TTU,Survival,24,24/12/2022,O,9,8,6,5,NA,18,17,18,19,NA
2,Mixed,10,TTU,Survival,24,24/12/2022,P,5,6,6,4,NA,19,20,21,21,NA
2,Mixed,10,TTU,Survival,24,24/12/2022,Q,6,5,5,4,NA,22,21,20,22,NA
2,Mixed,10,TTU,Survival,24,24/12/2022,R,4,5,4,4,NA,22,23,21,21,NA
2,Mixed,14,TTU,Survival,24,24/12/2022,S,3,4,2,2,NA,23,22,21,21,NA
2,Mixed,14,TTU,Survival,24,24/12/2022,T,3,3,2,2,NA,23,21,23,23,NA
2,Mixed,14,TTU,Survival,24,24/12/2022,U,3,4,2,2,NA,21,22,23,21,NA
2,Mixed,0,TTU,Survival,48,25/12/2022,A,22,21,23,20,NA,1,0,1,1,NA
2,Mixed,0,TTU,Survival,48,25/12/2022,B,19,21,20,20,NA,0,1,1,0,NA
2,Mixed,0,TTU,Survival,48,25/12/2022,C,21,22,20,18,NA,1,1,0,0,NA
2,Mixed,0.22,TTU,Survival,48,25/12/2022,D,17,17,16,17,NA,4,4,5,4,NA
2,Mixed,0.22,TTU,Survival,48,25/12/2022,E,16,14,15,16,NA,5,7,4,5,NA
2,Mixed,0.22,TTU,Survival,48,25/12/2022,F,13,15,15,14,NA,6,5,5,5,NA
2,Mixed,0.6,TTU,Survival,48,25/12/2022,G,13,12,13,11,NA,9,10,9,9,NA
2,Mixed,0.6,TTU,Survival,48,25/12/2022,H,12,10,11,10,NA,10,11,9,9,NA
2,Mixed,0.6,TTU,Survival,48,25/12/2022,I,9,10,11,10,NA,11,10,9,8,NA
2,Mixed,3,TTU,Survival,48,25/12/2022,J,9,8,9,7,NA,12,13,14,14,NA
2,Mixed,3,TTU,Survival,48,25/12/2022,K,10,9,8,7,NA,13,14,14,15,NA
2,Mixed,3,TTU,Survival,48,25/12/2022,L,8,8,9,9,NA,13,15,16,12,NA
2,Mixed,6,TTU,Survival,48,25/12/2022,M,7,7,8,6,NA,16,15,14,17,NA
2,Mixed,6,TTU,Survival,48,25/12/2022,N,5,7,8,4,NA,18,17,19,18,NA
2,Mixed,6,TTU,Survival,48,25/12/2022,O,5,6,6,6,NA,16,17,18,17,NA
2,Mixed,10,TTU,Survival,48,25/12/2022,P,5,5,4,3,NA,20,21,22,23,NA
2,Mixed,10,TTU,Survival,48,25/12/2022,Q,4,4,3,3,NA,19,20,21,22,NA
2,Mixed,10,TTU,Survival,48,25/12/2022,R,3,3,3,4,NA,23,22,21,24,NA
2,Mixed,14,TTU,Survival,48,25/12/2022,S,3,2,1,2,NA,23,25,24,24,NA
2,Mixed,14,TTU,Survival,48,25/12/2022,T,2,2,3,3,NA,25,25,23,26,NA
2,Mixed,14,TTU,Survival,48,25/12/2022,U,1,2,2,1,NA,25,26,24,25,NA
2,Mixed,0,TTU,Survival,72,26/12/2022,A,21,23,22,21,NA,1,0,0,1,NA
2,Mixed,0,TTU,Survival,72,26/12/2022,B,25,20,22,21,NA,1,1,0,0,NA
2,Mixed,0,TTU,Survival,72,26/12/2022,C,21,22,23,23,NA,1,0,1,0,NA
2,Mixed,0.22,TTU,Survival,72,26/12/2022,D,15,16,14,16,NA,5,6,7,6,NA
2,Mixed,0.22,TTU,Survival,72,26/12/2022,E,13,14,15,13,NA,7,6,7,7,NA
2,Mixed,0.22,TTU,Survival,72,26/12/2022,F,13,16,15,14,NA,5,7,5,6,NA
2,Mixed,0.6,TTU,Survival,72,26/12/2022,G,11,10,12,10,NA,8,10,9,9,NA
2,Mixed,0.6,TTU,Survival,72,26/12/2022,H,11,10,9,10,NA,11,10,11,9,NA
2,Mixed,0.6,TTU,Survival,72,26/12/2022,I,10,8,9,12,NA,11,10,9,10,NA
2,Mixed,3,TTU,Survival,72,26/12/2022,J,8,7,6,7,NA,13,15,16,17,NA
2,Mixed,3,TTU,Survival,72,26/12/2022,K,7,7,6,6,NA,14,17,16,18,NA
2,Mixed,3,TTU,Survival,72,26/12/2022,L,7,6,5,5,NA,18,17,17,16,NA
2,Mixed,6,TTU,Survival,72,26/12/2022,M,5,6,6,4,NA,19,18,20,19,NA
2,Mixed,6,TTU,Survival,72,26/12/2022,N,4,5,4,4,NA,21,19,19,18,NA
2,Mixed,6,TTU,Survival,72,26/12/2022,O,4,5,3,3,NA,22,20,21,19,NA
2,Mixed,10,TTU,Survival,72,26/12/2022,P,4,5,3,2,NA,23,24,23,24,NA
2,Mixed,10,TTU,Survival,72,26/12/2022,Q,3,3,2,2,NA,25,24,23,26,NA
2,Mixed,10,TTU,Survival,72,26/12/2022,R,4,3,1,2,NA,26,25,24,25,NA
2,Mixed,14,TTU,Survival,72,26/12/2022,S,1,1,2,1,NA,27,26,25,26,NA
2,Mixed,14,TTU,Survival,72,26/12/2022,T,2,0,1,1,NA,27,26,26,25,NA
2,Mixed,14,TTU,Survival,72,26/12/2022,U,0,1,1,1,NA,26,25,24,27,NA
2,Mixed,0,TTU,Survival,96,27/12/2022,A,21,19,20,22,NA,1,0,0,0,NA
2,Mixed,0,TTU,Survival,96,27/12/2022,B,21,20,22,23,NA,1,0,1,1,NA
2,Mixed,0,TTU,Survival,96,27/12/2022,C,22,23,21,22,NA,1,0,0,1,NA
2,Mixed,0.22,TTU,Survival,96,27/12/2022,D,13,14,15,12,NA,7,8,8,8,NA
2,Mixed,0.22,TTU,Survival,96,27/12/2022,E,12,13,11,12,NA,8,9,8,8,NA
2,Mixed,0.22,TTU,Survival,96,27/12/2022,F,13,12,13,12,NA,9,7,9,9,NA
2,Mixed,0.6,TTU,Survival,96,27/12/2022,G,11,10,10,9,NA,12,14,12,11,NA
2,Mixed,0.6,TTU,Survival,96,27/12/2022,H,10,9,11,9,NA,13,12,14,13,NA
2,Mixed,0.6,TTU,Survival,96,27/12/2022,I,7,8,8,9,NA,14,15,13,12,NA
2,Mixed,3,TTU,Survival,96,27/12/2022,J,6,5,6,4,NA,17,18,18,19,NA
2,Mixed,3,TTU,Survival,96,27/12/2022,K,4,4,5,6,NA,20,19,21,17,NA
2,Mixed,3,TTU,Survival,96,27/12/2022,L,5,5,3,4,NA,18,16,18,19,NA
2,Mixed,6,TTU,Survival,96,27/12/2022,M,5,4,4,4,NA,20,21,22,20,NA
2,Mixed,6,TTU,Survival,96,27/12/2022,N,3,4,3,3,NA,19,20,21,23,NA
2,Mixed,6,TTU,Survival,96,27/12/2022,O,3,4,3,3,NA,22,22,23,21,NA
2,Mixed,10,TTU,Survival,96,27/12/2022,P,3,2,1,3,NA,24,23,25,25,NA
2,Mixed,10,TTU,Survival,96,27/12/2022,Q,2,3,2,2,NA,25,24,24,25,NA
2,Mixed,10,TTU,Survival,96,27/12/2022,R,2,1,2,1,NA,24,25,25,24,NA
2,Mixed,14,TTU,Survival,96,27/12/2022,S,1,0,0,0,NA,27,26,27,26,NA
2,Mixed,14,TTU,Survival,96,27/12/2022,T,0,0,1,1,NA,25,26,26,24,NA
2,Mixed,14,TTU,Survival,96,27/12/2022,U,0,1,0,1,NA,26,27,26,25,NA
3,Cu,0,TU,Survival,0,7/03/2023,A,21,23,25,24,26,1,2,0,0,1
3,Cu,0,TU,Survival,0,7/03/2023,B,22,21,25,23,23,0,0,0,1,0
3,Cu,0,TU,Survival,0,7/03/2023,C,21,22,20,20,24,0,0,0,0,0
3,Cu,0.2,TU,Survival,0,7/03/2023,D,21,20,19,23,24,0,0,1,0,1
3,Cu,0.2,TU,Survival,0,7/03/2023,E,22,24,22,23,25,1,0,0,2,0
3,Cu,0.2,TU,Survival,0,7/03/2023,F,23,24,21,20,22,0,1,1,0,0
3,Cu,0.4,TU,Survival,0,7/03/2023,G,23,23,24,25,18,1,0,1,1,0
3,Cu,0.4,TU,Survival,0,7/03/2023,H,21,25,24,23,26,0,2,1,1,0
3,Cu,0.4,TU,Survival,0,7/03/2023,I,21,25,22,23,24,0,1,2,2,1
3,Cu,1,TU,Survival,0,7/03/2023,J,23,23,24,21,20,1,1,0,1,1
3,Cu,1,TU,Survival,0,7/03/2023,K,20,20,22,22,24,0,0,2,0,0
3,Cu,1,TU,Survival,0,7/03/2023,L,24,22,25,23,24,1,2,0,0,0
3,Cu,2,TU,Survival,0,7/03/2023,M,23,24,25,26,21,0,0,0,0,0
3,Cu,2,TU,Survival,0,7/03/2023,N,24,18,19,25,26,0,3,0,1,1
3,Cu,2,TU,Survival,0,7/03/2023,O,24,23,23,24,25,0,0,0,0,0
3,Cu,4,TU,Survival,0,7/03/2023,P,22,21,22,23,24,0,0,2,1,1
3,Cu,4,TU,Survival,0,7/03/2023,Q,25,24,23,23,23,0,0,0,1,0
3,Cu,4,TU,Survival,0,7/03/2023,R,24,25,23,24,26,1,2,0,0,0
3,Cu,6,TU,Survival,0,7/03/2023,S,21,22,20,24,20,0,0,1,0,2
3,Cu,6,TU,Survival,0,7/03/2023,T,23,24,21,22,22,2,1,0,0,0
3,Cu,6,TU,Survival,0,7/03/2023,U,21,20,22,23,25,0,1,0,1,0
3,Cu,0,TU,Survival,24,8/03/2023,A,21,20,22,23,24,1,2,0,0,0
3,Cu,0,TU,Survival,24,8/03/2023,B,23,22,20,18,19,0,0,1,1,0
3,Cu,0,TU,Survival,24,8/03/2023,C,20,21,23,23,24,1,0,2,1,0
3,Cu,0.2,TU,Survival,24,8/03/2023,D,18,17,19,20,17,2,3,4,2,3
3,Cu,0.2,TU,Survival,24,8/03/2023,E,21,18,19,17,20,2,4,3,5,4
3,Cu,0.2,TU,Survival,24,8/03/2023,F,19,19,20,21,20,3,2,4,4,3
3,Cu,0.4,TU,Survival,24,8/03/2023,G,18,19,20,20,17,1,3,2,3,4
3,Cu,0.4,TU,Survival,24,8/03/2023,H,19,16,17,18,18,5,3,4,4,5
3,Cu,0.4,TU,Survival,24,8/03/2023,I,20,18,18,16,19,6,5,5,6,5
3,Cu,1,TU,Survival,24,8/03/2023,J,17,16,15,18,16,3,6,7,5,6
3,Cu,1,TU,Survival,24,8/03/2023,K,16,16,17,15,15,5,6,7,7,6
3,Cu,1,TU,Survival,24,8/03/2023,L,15,14,16,17,18,7,8,8,7,6
3,Cu,2,TU,Survival,24,8/03/2023,M,17,19,14,16,15,8,9,7,8,9
3,Cu,2,TU,Survival,24,8/03/2023,N,16,16,15,14,13,9,8,7,8,8
3,Cu,2,TU,Survival,24,8/03/2023,O,14,15,16,17,12,7,8,9,9,7
3,Cu,4,TU,Survival,24,8/03/2023,P,16,14,13,13,12,9,8,10,9,10
3,Cu,4,TU,Survival,24,8/03/2023,Q,14,12,11,14,10,8,9,9,11,10
3,Cu,4,TU,Survival,24,8/03/2023,R,12,13,11,10,11,11,7,8,9,10
3,Cu,6,TU,Survival,24,8/03/2023,S,13,12,11,9,14,12,11,10,12,13
3,Cu,6,TU,Survival,24,8/03/2023,T,11,9,10,11,8,14,13,15,14,14
3,Cu,6,TU,Survival,24,8/03/2023,U,12,9,10,10,9,13,14,15,12,13
3,Cu,0,TU,Survival,48,9/03/2023,A,23,22,21,20,20,1,0,0,2,0
3,Cu,0,TU,Survival,48,9/03/2023,B,23,24,21,20,19,2,0,0,1,1
3,Cu,0,TU,Survival,48,9/03/2023,C,21,24,25,19,20,0,0,1,2,0
3,Cu,0.2,TU,Survival,48,9/03/2023,D,15,16,18,17,18,2,1,1,1,1
3,Cu,0.2,TU,Survival,48,9/03/2023,E,15,16,14,13,13,4,4,2,1,3
3,Cu,0.2,TU,Survival,48,9/03/2023,F,12,13,14,13,15,2,2,1,4,2
3,Cu,0.4,TU,Survival,48,9/03/2023,G,12,11,13,14,11,2,3,3,2,1
3,Cu,0.4,TU,Survival,48,9/03/2023,H,15,13,11,10,11,4,5,4,5,6
3,Cu,0.4,TU,Survival,48,9/03/2023,I,13,12,10,10,9,3,4,5,6,6
3,Cu,1,TU,Survival,48,9/03/2023,J,12,11,13,10,11,5,6,6,7,8
3,Cu,1,TU,Survival,48,9/03/2023,K,11,10,12,10,11,5,8,8,7,8
3,Cu,1,TU,Survival,48,9/03/2023,L,12,10,9,11,10,8,9,7,9,8
3,Cu,2,TU,Survival,48,9/03/2023,M,11,10,9,8,9,9,10,9,10,9
3,Cu,2,TU,Survival,48,9/03/2023,N,10,9,10,8,11,6,9,10,8,9
3,Cu,2,TU,Survival,48,9/03/2023,O,11,10,12,13,9,7,8,10,10,8
3,Cu,4,TU,Survival,48,9/03/2023,P,10,9,8,9,9,11,10,12,13,12
3,Cu,4,TU,Survival,48,9/03/2023,Q,10,11,9,11,8,15,12,10,9,13
3,Cu,4,TU,Survival,48,9/03/2023,R,12,10,8,8,8,13,13,14,15,12
3,Cu,6,TU,Survival,48,9/03/2023,S,10,9,8,9,8,14,15,17,16,18
3,Cu,6,TU,Survival,48,9/03/2023,T,9,9,7,8,8,16,17,19,20,17
3,Cu,6,TU,Survival,48,9/03/2023,U,10,11,7,8,7,14,16,19,19,20
3,Cu,0,TU,Survival,72,10/03/2023,A,21,23,24,22,21,1,0,2,0,1
3,Cu,0,TU,Survival,72,10/03/2023,B,24,21,20,23,19,2,1,1,0,2
3,Cu,0,TU,Survival,72,10/03/2023,C,21,22,22,20,23,1,0,0,1,2
3,Cu,0.2,TU,Survival,72,10/03/2023,D,13,14,15,14,16,2,2,3,2,1
3,Cu,0.2,TU,Survival,72,10/03/2023,E,13,14,14,16,15,0,2,4,3,4
3,Cu,0.2,TU,Survival,72,10/03/2023,F,16,15,16,17,16,3,4,5,3,4
3,Cu,0.4,TU,Survival,72,10/03/2023,G,14,13,12,11,12,4,5,6,5,5
3,Cu,0.4,TU,Survival,72,10/03/2023,H,12,11,10,11,13,6,6,4,7,6
3,Cu,0.4,TU,Survival,72,10/03/2023,I,10,9,11,12,12,5,6,7,6,7
3,Cu,1,TU,Survival,72,10/03/2023,J,11,10,9,9,10,7,8,9,8,7
3,Cu,1,TU,Survival,72,10/03/2023,K,10,11,12,9,10,8,9,7,8,9
3,Cu,1,TU,Survival,72,10/03/2023,L,11,12,10,9,11,9,10,9,9,8
3,Cu,2,TU,Survival,72,10/03/2023,M,10,9,7,6,8,10,11,9,10,10
3,Cu,2,TU,Survival,72,10/03/2023,N,8,8,7,9,6,12,11,13,9,10
3,Cu,2,TU,Survival,72,10/03/2023,O,10,11,6,9,8,10,11,12,9,10
3,Cu,4,TU,Survival,72,10/03/2023,P,7,9,10,8,6,13,15,14,16,15
3,Cu,4,TU,Survival,72,10/03/2023,Q,5,8,7,9,10,16,15,14,12,13
3,Cu,4,TU,Survival,72,10/03/2023,R,11,5,7,5,5,16,13,14,15,16
3,Cu,6,TU,Survival,72,10/03/2023,S,5,5,7,8,6,16,17,15,16,14
3,Cu,6,TU,Survival,72,10/03/2023,T,8,6,6,5,5,18,17,16,14,18
3,Cu,6,TU,Survival,72,10/03/2023,U,8,9,4,7,6,19,18,17,16,17
3,Cu,0,TU,Survival,96,11/03/2023,A,20,20,23,22,21,1,2,0,0,2
3,Cu,0,TU,Survival,96,11/03/2023,B,21,23,24,23,24,1,1,0,0,1
3,Cu,0,TU,Survival,96,11/03/2023,C,24,23,20,23,22,0,1,0,2,1
3,Cu,0.2,TU,Survival,96,11/03/2023,D,12,11,10,13,11,3,4,3,2,1
3,Cu,0.2,TU,Survival,96,11/03/2023,E,10,11,12,10,12,2,2,3,4,4
3,Cu,0.2,TU,Survival,96,11/03/2023,F,13,12,11,10,10,4,3,3,2,4
3,Cu,0.4,TU,Survival,96,11/03/2023,G,10,11,12,9,10,5,4,6,5,5
3,Cu,0.4,TU,Survival,96,11/03/2023,H,10,8,9,8,7,6,7,6,7,5
3,Cu,0.4,TU,Survival,96,11/03/2023,I,10,8,8,7,9,6,7,5,7,6
3,Cu,1,TU,Survival,96,11/03/2023,J,9,10,8,7,7,7,6,8,8,7
3,Cu,1,TU,Survival,96,11/03/2023,K,8,9,7,6,5,9,8,7,7,8
3,Cu,1,TU,Survival,96,11/03/2023,L,8,7,6,7,7,8,8,9,8,9
3,Cu,2,TU,Survival,96,11/03/2023,M,9,8,9,7,7,10,9,11,10,12
3,Cu,2,TU,Survival,96,11/03/2023,N,7,8,7,8,9,13,12,11,10,10
3,Cu,2,TU,Survival,96,11/03/2023,O,7,6,8,9,8,9,12,13,10,10
3,Cu,4,TU,Survival,96,11/03/2023,P,8,6,6,7,7,14,15,16,15,14
3,Cu,4,TU,Survival,96,11/03/2023,Q,7,6,7,8,5,16,15,14,14,13
3,Cu,4,TU,Survival,96,11/03/2023,R,8,7,5,6,4,15,12,13,14,15
3,Cu,6,TU,Survival,96,11/03/2023,S,6,7,5,6,6,16,15,17,18,14
3,Cu,6,TU,Survival,96,11/03/2023,T,5,4,4,5,4,18,17,19,20,19
3,Cu,6,TU,Survival,96,11/03/2023,U,4,4,3,4,5,18,19,19,20,17
3,Zn,0,TU,Survival,0,14/03/2023,A,20,22,23,21,20,0,1,1,2,0
3,Zn,0,TU,Survival,0,14/03/2023,B,22,23,23,24,20,2,1,0,1,0
3,Zn,0,TU,Survival,0,14/03/2023,C,23,23,21,20,20,1,1,0,0,0
3,Zn,0.02,TU,Survival,0,14/03/2023,D,21,20,23,20,20,0,1,1,2,2
3,Zn,0.02,TU,Survival,0,14/03/2023,E,22,23,24,19,20,1,1,0,2,1
3,Zn,0.02,TU,Survival,0,14/03/2023,F,21,23,22,21,23,2,1,2,1,1
3,Zn,0.2,TU,Survival,0,14/03/2023,G,24,23,22,21,20,0,0,1,0,1
3,Zn,0.2,TU,Survival,0,14/03/2023,H,20,19,18,23,24,2,3,1,0,0
3,Zn,0.2,TU,Survival,0,14/03/2023,I,24,23,21,24,22,1,2,0,1,1
3,Zn,2,TU,Survival,0,14/03/2023,J,20,21,23,22,20,2,1,1,0,0
3,Zn,2,TU,Survival,0,14/03/2023,K,19,20,20,22,22,2,1,2,2,1
3,Zn,2,TU,Survival,0,14/03/2023,L,19,23,24,24,25,0,0,1,1,1
3,Zn,4,TU,Survival,0,14/03/2023,M,23,23,24,23,22,2,3,1,0,0
3,Zn,4,TU,Survival,0,14/03/2023,N,23,22,24,25,26,0,2,1,1,2
3,Zn,4,TU,Survival,0,14/03/2023,O,21,22,24,23,23,1,2,0,1,2
3,Zn,6,TU,Survival,0,14/03/2023,P,24,23,23,23,22,2,3,1,0,1
3,Zn,6,TU,Survival,0,14/03/2023,Q,21,24,23,24,25,2,1,1,3,2
3,Zn,6,TU,Survival,0,14/03/2023,R,24,25,23,24,23,0,2,1,0,1
3,Zn,8,TU,Survival,0,14/03/2023,S,20,22,21,23,23,2,1,0,2,3
3,Zn,8,TU,Survival,0,14/03/2023,T,19,24,22,23,21,2,1,2,2,2
3,Zn,8,TU,Survival,0,14/03/2023,U,22,23,24,24,21,2,3,1,2,1
3,Zn,0,TU,Survival,24,15/03/2023,A,22,23,24,21,24,1,2,0,0,1
3,Zn,0,TU,Survival,24,15/03/2023,B,20,20,24,23,20,2,2,0,1,1
3,Zn,0,TU,Survival,24,15/03/2023,C,21,21,22,23,20,1,0,2,1,0
3,Zn,0.02,TU,Survival,24,15/03/2023,D,20,18,18,19,20,2,3,2,1,2
3,Zn,0.02,TU,Survival,24,15/03/2023,E,18,19,17,21,16,2,3,0,2,3
3,Zn,0.02,TU,Survival,24,15/03/2023,F,19,19,20,16,17,3,2,2,3,3
3,Zn,0.2,TU,Survival,24,15/03/2023,G,16,17,18,19,15,4,5,3,4,4
3,Zn,0.2,TU,Survival,24,15/03/2023,H,16,17,18,19,16,5,4,3,5,6
3,Zn,0.2,TU,Survival,24,15/03/2023,I,15,14,13,14,13,5,5,6,5,4
3,Zn,2,TU,Survival,24,15/03/2023,J,16,15,15,12,13,7,8,6,8,8
3,Zn,2,TU,Survival,24,15/03/2023,K,14,12,12,13,12,8,7,8,9,8
3,Zn,2,TU,Survival,24,15/03/2023,L,11,12,12,13,10,7,8,9,8,5
3,Zn,4,TU,Survival,24,15/03/2023,M,13,12,10,10,11,9,10,9,11,8
3,Zn,4,TU,Survival,24,15/03/2023,N,11,11,10,10,10,10,9,9,10,10
3,Zn,4,TU,Survival,24,15/03/2023,O,11,11,10,10,11,11,9,8,10,11
3,Zn,6,TU,Survival,24,15/03/2023,P,10,10,10,10,12,12,13,12,11,10
3,Zn,6,TU,Survival,24,15/03/2023,Q,11,12,12,10,10,12,14,11,13,12
3,Zn,6,TU,Survival,24,15/03/2023,R,11,10,12,11,11,12,13,14,15,13
3,Zn,8,TU,Survival,24,15/03/2023,S,10,9,10,11,10,15,16,14,14,15
3,Zn,8,TU,Survival,24,15/03/2023,T,11,10,10,11,10,16,17,15,14,16
3,Zn,8,TU,Survival,24,15/03/2023,U,10,9,11,10,9,13,16,15,16,17
3,Zn,0,TU,Survival,48,16/03/2023,A,22,23,24,21,20,1,0,1,0,0
3,Zn,0,TU,Survival,48,16/03/2023,B,23,21,24,23,22,2,1,0,0,1
3,Zn,0,TU,Survival,48,16/03/2023,C,21,22,24,20,20,0,2,1,0,0
3,Zn,0.02,TU,Survival,48,16/03/2023,D,20,19,18,17,16,3,5,1,2,0
3,Zn,0.02,TU,Survival,48,16/03/2023,E,18,17,19,18,18,2,3,1,2,1
3,Zn,0.02,TU,Survival,48,16/03/2023,F,17,18,16,15,19,3,2,4,4,3
3,Zn,0.2,TU,Survival,48,16/03/2023,G,16,16,15,14,17,5,4,5,5,6
3,Zn,0.2,TU,Survival,48,16/03/2023,H,19,17,16,14,14,6,4,7,5,7
3,Zn,0.2,TU,Survival,48,16/03/2023,I,16,15,14,15,14,7,8,9,7,8
3,Zn,2,TU,Survival,48,16/03/2023,J,13,14,15,16,13,9,10,11,12,10
3,Zn,2,TU,Survival,48,16/03/2023,K,14,13,12,12,13,9,10,12,11,9
3,Zn,2,TU,Survival,48,16/03/2023,L,14,15,12,11,11,11,12,13,10,9
3,Zn,4,TU,Survival,48,16/03/2023,M,12,10,11,10,12,13,14,12,13,14
3,Zn,4,TU,Survival,48,16/03/2023,N,12,11,10,10,10,12,14,15,16,12
3,Zn,4,TU,Survival,48,16/03/2023,O,11,10,11,9,11,13,14,16,16,17
3,Zn,6,TU,Survival,48,16/03/2023,P,10,9,10,10,11,16,17,18,16,18
3,Zn,6,TU,Survival,48,16/03/2023,Q,9,10,9,9,10,16,17,19,19,17
3,Zn,6,TU,Survival,48,16/03/2023,R,12,8,9,8,10,18,17,16,18,20
3,Zn,8,TU,Survival,48,16/03/2023,S,8,7,9,8,7,21,19,17,19,20
3,Zn,8,TU,Survival,48,16/03/2023,T,7,6,7,8,6,20,19,21,21,22
3,Zn,8,TU,Survival,48,16/03/2023,U,8,7,7,9,6,21,19,18,23,22
3,Zn,0,TU,Survival,72,17/03/2023,A,22,21,23,21,20,1,0,2,0,1
3,Zn,0,TU,Survival,72,17/03/2023,B,22,21,23,22,22,0,2,0,0,1
3,Zn,0,TU,Survival,72,17/03/2023,C,21,20,22,20,20,1,2,1,0,0
3,Zn,0.02,TU,Survival,72,17/03/2023,D,18,17,18,17,16,4,5,6,5,5
3,Zn,0.02,TU,Survival,72,17/03/2023,E,16,16,17,16,15,5,6,4,5,6
3,Zn,0.02,TU,Survival,72,17/03/2023,F,17,16,16,18,19,5,4,6,6,7
3,Zn,0.2,TU,Survival,72,17/03/2023,G,14,15,16,14,15,7,7,8,6,8
3,Zn,0.2,TU,Survival,72,17/03/2023,H,16,15,17,16,16,8,7,6,7,8
3,Zn,0.2,TU,Survival,72,17/03/2023,I,16,17,15,16,17,8,7,8,8,9
3,Zn,2,TU,Survival,72,17/03/2023,J,14,13,12,11,12,9,8,10,9,9
3,Zn,2,TU,Survival,72,17/03/2023,K,13,11,12,14,12,11,12,10,9,11
3,Zn,2,TU,Survival,72,17/03/2023,L,12,11,10,10,11,12,11,10,11,13
3,Zn,4,TU,Survival,72,17/03/2023,M,11,10,9,10,11,13,14,15,14,13
3,Zn,4,TU,Survival,72,17/03/2023,N,12,13,9,9,8,13,14,16,15,12
3,Zn,4,TU,Survival,72,17/03/2023,O,10,9,8,10,11,13,16,17,17,18
3,Zn,6,TU,Survival,72,17/03/2023,P,9,8,7,8,9,16,15,18,17,19
3,Zn,6,TU,Survival,72,17/03/2023,Q,10,9,8,8,7,19,18,19,20,18
3,Zn,6,TU,Survival,72,17/03/2023,R,9,7,8,7,7,16,18,20,19,20
3,Zn,8,TU,Survival,72,17/03/2023,S,6,7,8,8,6,21,22,20,24,23
3,Zn,8,TU,Survival,72,17/03/2023,T,5,4,8,6,7,22,21,20,24,23
3,Zn,8,TU,Survival,72,17/03/2023,U,5,6,6,7,5,20,21,21,24,20
3,Zn,0,TU,Survival,96,18/03/2023,A,22,23,21,21,20,1,0,2,2,0
3,Zn,0,TU,Survival,96,18/03/2023,B,23,24,23,21,22,1,1,2,3,0
3,Zn,0,TU,Survival,96,18/03/2023,C,21,23,24,21,20,2,1,0,0,1
3,Zn,0.02,TU,Survival,96,18/03/2023,D,15,16,14,15,14,4,5,3,4,3
3,Zn,0.02,TU,Survival,96,18/03/2023,E,16,15,14,12,16,5,4,3,3,2
3,Zn,0.02,TU,Survival,96,18/03/2023,F,17,16,15,14,18,5,6,4,2,4
3,Zn,0.2,TU,Survival,96,18/03/2023,G,13,14,12,11,11,8,7,8,9,6
3,Zn,0.2,TU,Survival,96,18/03/2023,H,13,14,12,13,14,9,8,8,7,7
3,Zn,0.2,TU,Survival,96,18/03/2023,I,15,11,12,10,12,7,6,8,9,8
3,Zn,2,TU,Survival,96,18/03/2023,J,11,12,10,10,9,10,11,9,12,10
3,Zn,2,TU,Survival,96,18/03/2023,K,10,11,9,12,9,12,13,9,11,10
3,Zn,2,TU,Survival,96,18/03/2023,L,12,11,9,9,8,13,14,12,12,11
3,Zn,4,TU,Survival,96,18/03/2023,M,8,9,10,11,9,18,19,20,18,19
3,Zn,4,TU,Survival,96,18/03/2023,N,8,7,9,10,8,20,21,22,18,19
3,Zn,4,TU,Survival,96,18/03/2023,O,9,8,10,7,7,21,20,20,23,19
3,Zn,6,TU,Survival,96,18/03/2023,P,8,9,10,7,8,20,22,23,24,24
3,Zn,6,TU,Survival,96,18/03/2023,Q,8,7,6,7,6,25,24,22,23,24
3,Zn,6,TU,Survival,96,18/03/2023,R,6,7,5,8,6,23,24,25,24,26
3,Zn,8,TU,Survival,96,18/03/2023,S,5,6,4,5,5,25,26,27,28,29
3,Zn,8,TU,Survival,96,18/03/2023,T,4,5,3,4,5,25,24,25,27,24
3,Zn,8,TU,Survival,96,18/03/2023,U,4,4,5,3,4,23,28,29,26,27
3,Mixed,0,TTU,Survival,0,24/03/2023,A,21,23,24,22,24,1,0,0,1,2
3,Mixed,0,TTU,Survival,0,24/03/2023,B,22,23,24,24,23,0,0,1,2,2
3,Mixed,0,TTU,Survival,0,24/03/2023,C,24,25,24,23,20,1,0,1,0,1
3,Mixed,0.22,TTU,Survival,0,24/03/2023,D,22,21,23,24,23,1,0,1,0,1
3,Mixed,0.22,TTU,Survival,0,24/03/2023,E,20,21,22,24,23,1,1,1,1,0
3,Mixed,0.22,TTU,Survival,0,24/03/2023,F,24,20,20,21,22,0,1,2,0,1
3,Mixed,0.6,TTU,Survival,0,24/03/2023,G,24,25,21,23,21,1,2,0,1,2
3,Mixed,0.6,TTU,Survival,0,24/03/2023,H,20,20,24,22,21,2,0,0,2,1
3,Mixed,0.6,TTU,Survival,0,24/03/2023,I,22,21,21,20,20,2,0,1,0,0
3,Mixed,3,TTU,Survival,0,24/03/2023,J,24,22,21,23,21,3,1,0,2,0
3,Mixed,3,TTU,Survival,0,24/03/2023,K,25,24,23,22,20,2,1,0,3,2
3,Mixed,3,TTU,Survival,0,24/03/2023,L,22,21,24,21,20,1,1,2,0,1
3,Mixed,6,TTU,Survival,0,24/03/2023,M,23,22,24,23,21,2,1,0,1,0
3,Mixed,6,TTU,Survival,0,24/03/2023,N,21,24,23,24,23,0,1,2,1,2
3,Mixed,6,TTU,Survival,0,24/03/2023,O,20,22,21,22,22,2,1,0,1,2
3,Mixed,10,TTU,Survival,0,24/03/2023,P,21,23,22,24,23,1,2,0,1,0
3,Mixed,10,TTU,Survival,0,24/03/2023,Q,21,21,20,24,23,0,1,0,2,1
3,Mixed,10,TTU,Survival,0,24/03/2023,R,21,22,23,24,24,1,0,2,4,0
3,Mixed,14,TTU,Survival,0,24/03/2023,S,22,21,20,23,20,2,1,0,1,0
3,Mixed,14,TTU,Survival,0,24/03/2023,T,21,24,22,21,23,1,3,2,0,1
3,Mixed,14,TTU,Survival,0,24/03/2023,U,21,24,23,20,24,1,0,1,2,2
3,Mixed,0,TTU,Survival,24,25/03/2023,A,22,21,23,22,24,0,0,1,1,0
3,Mixed,0,TTU,Survival,24,25/03/2023,B,21,20,23,24,21,1,2,0,3,1
3,Mixed,0,TTU,Survival,24,25/03/2023,C,23,24,21,22,23,2,1,0,0,1
3,Mixed,0.22,TTU,Survival,24,25/03/2023,D,17,20,18,19,17,3,4,3,2,4
3,Mixed,0.22,TTU,Survival,24,25/03/2023,E,19,18,15,21,19,2,4,4,3,3
3,Mixed,0.22,TTU,Survival,24,25/03/2023,F,20,14,13,14,15,4,4,3,2,3
3,Mixed,0.6,TTU,Survival,24,25/03/2023,G,16,15,15,17,16,5,6,4,3,4
3,Mixed,0.6,TTU,Survival,24,25/03/2023,H,16,17,15,14,13,6,7,8,5,7
3,Mixed,0.6,TTU,Survival,24,25/03/2023,I,15,14,15,13,14,8,7,9,7,9
3,Mixed,3,TTU,Survival,24,25/03/2023,J,16,14,13,16,13,10,9,8,10,8
3,Mixed,3,TTU,Survival,24,25/03/2023,K,15,13,12,11,13,10,10,9,8,8
3,Mixed,3,TTU,Survival,24,25/03/2023,L,14,13,12,13,11,9,11,10,9,10
3,Mixed,6,TTU,Survival,24,25/03/2023,M,12,11,13,11,10,12,11,13,14,11
3,Mixed,6,TTU,Survival,24,25/03/2023,N,10,12,11,10,12,13,12,14,13,14
3,Mixed,6,TTU,Survival,24,25/03/2023,O,13,12,14,10,10,13,14,15,12,13
3,Mixed,10,TTU,Survival,24,25/03/2023,P,10,9,11,9,10,17,16,15,14,15
3,Mixed,10,TTU,Survival,24,25/03/2023,Q,11,9,9,10,8,18,16,17,18,14
3,Mixed,10,TTU,Survival,24,25/03/2023,R,10,8,9,10,9,19,18,20,19,18
3,Mixed,14,TTU,Survival,24,25/03/2023,S,8,7,9,10,8,20,21,22,23,19
3,Mixed,14,TTU,Survival,24,25/03/2023,T,7,8,7,7,9,21,19,21,24,20
3,Mixed,14,TTU,Survival,24,25/03/2023,U,8,7,8,9,6,22,24,23,20,22
3,Mixed,0,TTU,Survival,48,26/03/2023,A,22,23,24,25,21,1,2,1,0,2
3,Mixed,0,TTU,Survival,48,26/03/2023,B,20,19,20,20,21,1,0,2,0,1
3,Mixed,0,TTU,Survival,48,26/03/2023,C,22,23,24,25,20,2,1,1,0,1
3,Mixed,0.22,TTU,Survival,48,26/03/2023,D,16,17,16,18,15,4,3,4,4,3
3,Mixed,0.22,TTU,Survival,48,26/03/2023,E,16,14,15,16,17,4,5,3,4,4
3,Mixed,0.22,TTU,Survival,48,26/03/2023,F,17,18,16,15,16,5,4,3,4,5
3,Mixed,0.6,TTU,Survival,48,26/03/2023,G,16,15,14,14,15,6,7,8,7,6
3,Mixed,0.6,TTU,Survival,48,26/03/2023,H,15,13,14,15,16,7,5,6,7,8
3,Mixed,0.6,TTU,Survival,48,26/03/2023,I,16,14,15,13,14,7,8,9,5,6
3,Mixed,3,TTU,Survival,48,26/03/2023,J,13,12,13,12,12,10,9,8,11,10
3,Mixed,3,TTU,Survival,48,26/03/2023,K,14,13,12,11,11,11,12,9,9,10
3,Mixed,3,TTU,Survival,48,26/03/2023,L,14,12,11,10,13,10,11,10,9,8
3,Mixed,6,TTU,Survival,48,26/03/2023,M,12,11,10,10,9,12,11,13,14,15
3,Mixed,6,TTU,Survival,48,26/03/2023,N,10,11,10,9,9,14,16,13,15,16
3,Mixed,6,TTU,Survival,48,26/03/2023,O,10,9,9,8,8,17,16,15,17,16
3,Mixed,10,TTU,Survival,48,26/03/2023,P,10,12,8,7,7,20,18,19,22,21
3,Mixed,10,TTU,Survival,48,26/03/2023,Q,9,7,7,8,8,21,22,17,24,23
3,Mixed,10,TTU,Survival,48,26/03/2023,R,10,7,8,7,6,25,24,20,22,24
3,Mixed,14,TTU,Survival,48,26/03/2023,S,9,8,7,6,7,23,24,26,25,27
3,Mixed,14,TTU,Survival,48,26/03/2023,T,8,7,6,7,6,24,21,20,22,23
3,Mixed,14,TTU,Survival,48,26/03/2023,U,7,7,6,8,6,24,21,22,25,24
3,Mixed,0,TTU,Survival,72,27/03/2023,A,20,23,24,21,20,1,0,1,0,2
3,Mixed,0,TTU,Survival,72,27/03/2023,B,22,23,24,23,20,1,2,0,1,0
3,Mixed,0,TTU,Survival,72,27/03/2023,C,19,21,21,23,20,1,1,0,1,1
3,Mixed,0.22,TTU,Survival,72,27/03/2023,D,16,15,14,15,17,4,6,3,4,5
3,Mixed,0.22,TTU,Survival,72,27/03/2023,E,17,16,16,15,17,3,5,4,5,4
3,Mixed,0.22,TTU,Survival,72,27/03/2023,F,14,16,15,15,17,5,4,5,6,5
3,Mixed,0.6,TTU,Survival,72,27/03/2023,G,14,13,12,15,13,5,7,6,8,7
3,Mixed,0.6,TTU,Survival,72,27/03/2023,H,14,12,12,14,13,8,7,9,8,8
3,Mixed,0.6,TTU,Survival,72,27/03/2023,I,13,11,12,11,10,7,10,6,8,9
3,Mixed,3,TTU,Survival,72,27/03/2023,J,11,10,12,10,10,10,11,11,9,10
3,Mixed,3,TTU,Survival,72,27/03/2023,K,9,10,11,10,9,12,11,10,10,12
3,Mixed,3,TTU,Survival,72,27/03/2023,L,10,9,8,9,11,12,13,11,10,11
3,Mixed,6,TTU,Survival,72,27/03/2023,M,8,9,10,10,8,14,15,14,13,15
3,Mixed,6,TTU,Survival,72,27/03/2023,N,9,10,7,8,8,16,14,15,17,16
3,Mixed,6,TTU,Survival,72,27/03/2023,O,9,9,8,10,7,16,18,17,14,16
3,Mixed,10,TTU,Survival,72,27/03/2023,P,8,7,6,8,7,19,20,21,25,24
3,Mixed,10,TTU,Survival,72,27/03/2023,Q,7,8,6,7,8,22,23,24,25,25
3,Mixed,10,TTU,Survival,72,27/03/2023,R,8,7,6,7,8,24,26,24,25,26
3,Mixed,14,TTU,Survival,72,27/03/2023,S,6,5,7,6,6,27,26,25,24,27
3,Mixed,14,TTU,Survival,72,27/03/2023,T,5,7,6,5,5,28,24,27,28,29
3,Mixed,14,TTU,Survival,72,27/03/2023,U,5,5,6,7,4,27,28,26,29,29
3,Mixed,0,TTU,Survival,96,28/03/2023,A,21,23,22,24,22,1,0,1,2,0
3,Mixed,0,TTU,Survival,96,28/03/2023,B,19,20,18,24,23,0,0,2,1,3
3,Mixed,0,TTU,Survival,96,28/03/2023,C,21,20,24,23,24,2,1,0,1,1
3,Mixed,0.22,TTU,Survival,96,28/03/2023,D,15,14,16,15,14,4,3,5,6,4
3,Mixed,0.22,TTU,Survival,96,28/03/2023,E,16,14,15,15,17,3,4,2,5,6
3,Mixed,0.22,TTU,Survival,96,28/03/2023,F,17,16,15,14,14,4,4,3,5,4
3,Mixed,0.6,TTU,Survival,96,28/03/2023,G,15,13,12,14,12,5,6,7,8,8
3,Mixed,0.6,TTU,Survival,96,28/03/2023,H,13,14,12,13,11,5,8,9,6,7
3,Mixed,0.6,TTU,Survival,96,28/03/2023,I,12,11,13,12,11,8,9,6,8,9
3,Mixed,3,TTU,Survival,96,28/03/2023,J,10,11,12,9,10,10,11,12,10,9
3,Mixed,3,TTU,Survival,96,28/03/2023,K,10,9,9,8,9,13,14,15,12,11
3,Mixed,3,TTU,Survival,96,28/03/2023,L,11,9,8,9,8,12,13,14,14,13
3,Mixed,6,TTU,Survival,96,28/03/2023,M,10,9,7,8,7,16,18,19,23,24
3,Mixed,6,TTU,Survival,96,28/03/2023,N,9,7,6,7,9,21,22,25,23,24
3,Mixed,6,TTU,Survival,96,28/03/2023,O,8,7,7,6,8,21,22,25,26,23
3,Mixed,10,TTU,Survival,96,28/03/2023,P,6,5,7,8,9,25,24,26,27,26
3,Mixed,10,TTU,Survival,96,28/03/2023,Q,5,5,4,6,6,26,24,27,26,28
3,Mixed,10,TTU,Survival,96,28/03/2023,R,6,5,4,6,4,26,27,25,24,26
3,Mixed,14,TTU,Survival,96,28/03/2023,S,5,4,3,4,5,29,31,32,29,30
3,Mixed,14,TTU,Survival,96,28/03/2023,T,4,5,3,4,4,33,33,32,31,30
3,Mixed,14,TTU,Survival,96,28/03/2023,U,4,3,5,4,3,31,32,30,33,32
